to,Tx_count,Total_ETH
0x35fb6f6db4fb05e6a4ce86f2c93691425626d4b1,1,33568.151999999995
0xf7b31119c2682c88d88d455dbb9d5932c65cf1be,1,25127.5192
0x3e37627deaa754090fbfbb8bd226c1ce66d255e9,1,23528.8
0x53b6936513e738f44fb50d2b9476730c0ab3bfc1,1,21629.48215
0xa0e1c89ef1a489c9c7de96311ed5ce5d32c20e4b,1,18256.81
0x3cffd56b47b7b41c56258d9c7731abadc360e073,1,10129.935
0x1bf53ce80ff2ed5711b8a2db8f7ea5b38da118d6,1,3302.6
0xdf225c84a0eaeaaac20e6c1d369e94ee13b9df2a,2,3275.64547
0x77532dd2eb6e8eaf416f39c65f48cd2369782828,1,3202.3293999999996
0xbcd78c2d608e7ceb3d25bea30fae8a9d57033868,1,3102.6215
0x1361c1e18930483f4aaf91f3a263937e4fcc1f39,1,3002.9849999999997
0xb2369d20e7f0c46270b9f79ab26fc62fada356c7,1,2941.26
0xbc5639887283eaf1b8e966e0b2fa6998d2ec6404,1,2915.24
0x5b0431365ce1ab3693bea6f33ae67653dd30d8bd,1,2803.2561
0xfce9d04133701a77589615c23def7ba98289c8e2,1,2510.78492
0x429a66e7bd829f9453cee5239bfeaf5657a11a3e,1,2018.23529
0xbc25d57412a04956cdd95af07825c5c1f34d29eb,2,2001
0x776b80e3fd97516ae3a2579cf4eae5ff5867d0f3,2,1250
0x5d84a732b355ada31a36b33c446e3dee28f51555,1,1250
0x9fae13de16d34873246e48b514fc88581751533f,2,1250
0xdb3a63562bb7afd44e6b6be8c8269f807c39f5fa,2,1250
0x29fc9b71492ec63696cf9cd56e9832a42b0dced0,1,1250
0x665660f65e94454a64b96693a67a41d440155617,1,1
0xe708f17240732bbfa1baa8513f66b665fbc7ce10,1,1
0x1a2a1c938ce3ec39b6d47113c7955baa9dd454f2,2,0
0xa0b86991c6218b36c1d19d4a2e9eb0ce3606eb48,5,0
