block_time,to,eth
2022-03-23 13:29:09.000 UTC,0x1a2a1c938ce3ec39b6d47113c7955baa9dd454f2,0
2022-03-23 13:31:04.000 UTC,0x1a2a1c938ce3ec39b6d47113c7955baa9dd454f2,0
2022-03-23 13:46:46.000 UTC,0xe708f17240732bbfa1baa8513f66b665fbc7ce10,1
2022-03-23 13:49:41.000 UTC,0x665660f65e94454a64b96693a67a41d440155617,1
2022-03-23 13:54:53.000 UTC,0xa0b86991c6218b36c1d19d4a2e9eb0ce3606eb48,0
2022-03-23 13:56:44.000 UTC,0xa0b86991c6218b36c1d19d4a2e9eb0ce3606eb48,0
2022-03-23 14:00:43.000 UTC,0xa0b86991c6218b36c1d19d4a2e9eb0ce3606eb48,0
2022-03-23 14:02:51.000 UTC,0xa0b86991c6218b36c1d19d4a2e9eb0ce3606eb48,0
2022-03-23 14:05:33.000 UTC,0xa0b86991c6218b36c1d19d4a2e9eb0ce3606eb48,0
2022-03-28 02:30:38.000 UTC,0x776b80e3fd97516ae3a2579cf4eae5ff5867d0f3,500
2022-03-28 02:33:07.000 UTC,0xdb3a63562bb7afd44e6b6be8c8269f807c39f5fa,500
2022-03-28 02:36:18.000 UTC,0x9fae13de16d34873246e48b514fc88581751533f,500
2022-03-28 06:52:27.000 UTC,0x776b80e3fd97516ae3a2579cf4eae5ff5867d0f3,750
2022-03-28 08:10:50.000 UTC,0xdb3a63562bb7afd44e6b6be8c8269f807c39f5fa,750
2022-03-28 09:46:49.000 UTC,0x9fae13de16d34873246e48b514fc88581751533f,750
2022-03-29 02:35:38.000 UTC,0x29fc9b71492ec63696cf9cd56e9832a42b0dced0,1250
2022-03-29 02:37:55.000 UTC,0x5d84a732b355ada31a36b33c446e3dee28f51555,1250
2022-04-04 02:53:41.000 UTC,0xbc25d57412a04956cdd95af07825c5c1f34d29eb,1000
2022-04-04 07:03:46.000 UTC,0xbc25d57412a04956cdd95af07825c5c1f34d29eb,1001
2022-04-05 02:35:59.000 UTC,0xdf225c84a0eaeaaac20e6c1d369e94ee13b9df2a,1526.42983
2022-04-06 02:19:48.000 UTC,0xdf225c84a0eaeaaac20e6c1d369e94ee13b9df2a,1749.21564
2022-04-07 02:13:09.000 UTC,0x429a66e7bd829f9453cee5239bfeaf5657a11a3e,2018.23529
2022-04-08 04:26:39.000 UTC,0x5b0431365ce1ab3693bea6f33ae67653dd30d8bd,2803.2561
2022-04-09 02:46:54.000 UTC,0xbcd78c2d608e7ceb3d25bea30fae8a9d57033868,3102.6215
2022-04-09 02:52:43.000 UTC,0x1361c1e18930483f4aaf91f3a263937e4fcc1f39,3002.9849999999997
2022-04-11 11:59:08.000 UTC,0xfce9d04133701a77589615c23def7ba98289c8e2,2510.78492
2022-04-12 05:01:54.000 UTC,0xb2369d20e7f0c46270b9f79ab26fc62fada356c7,2941.26
2022-04-13 04:03:26.000 UTC,0x77532dd2eb6e8eaf416f39c65f48cd2369782828,3202.3293999999996
2022-04-14 02:24:21.000 UTC,0x1bf53ce80ff2ed5711b8a2db8f7ea5b38da118d6,3302.6
2022-04-15 08:14:05.000 UTC,0xbc5639887283eaf1b8e966e0b2fa6998d2ec6404,2915.24
2022-04-18 13:14:43.000 UTC,0x3cffd56b47b7b41c56258d9c7731abadc360e073,10129.935
2022-04-19 02:15:29.000 UTC,0xa0e1c89ef1a489c9c7de96311ed5ce5d32c20e4b,18256.81
2022-04-21 07:19:19.000 UTC,0x53b6936513e738f44fb50d2b9476730c0ab3bfc1,21629.48215
2022-04-24 06:47:49.000 UTC,0x35fb6f6db4fb05e6a4ce86f2c93691425626d4b1,33568.151999999995
2022-04-27 11:05:32.000 UTC,0xf7b31119c2682c88d88d455dbb9d5932c65cf1be,25127.5192
2022-05-03 08:23:28.000 UTC,0x3e37627deaa754090fbfbb8bd226c1ce66d255e9,23528.8
2022-05-04 07:32:25.000 UTC,0x08723392ed15743cc38513c4925f5e6be5c17243,12595.3
2023-03-21 17:02:23.000 UTC,0xb66cd966670d962c227b3eaba30a872dbfb995db,2
