depositor,deposits,Total_eth,first_deposit,last_deposit
0x1bf53ce80ff2ed5711b8a2db8f7ea5b38da118d6,33,3300,2022-04-14 02:34:05.000 UTC,2022-04-14 04:09:39.000 UTC
0x77532dd2eb6e8eaf416f39c65f48cd2369782828,32,3200,2022-04-13 04:10:51.000 UTC,2022-04-13 04:50:36.000 UTC
0xbcd78c2d608e7ceb3d25bea30fae8a9d57033868,31,3100,2022-04-09 02:51:32.000 UTC,2022-04-09 04:46:59.000 UTC
0x1361c1e18930483f4aaf91f3a263937e4fcc1f39,30,3000,2022-04-10 08:51:06.000 UTC,2022-04-10 11:32:28.000 UTC
0xb2369d20e7f0c46270b9f79ab26fc62fada356c7,29,2900,2022-04-12 05:06:40.000 UTC,2022-04-12 07:03:44.000 UTC
0xbc5639887283eaf1b8e966e0b2fa6998d2ec6404,29,2900,2022-04-15 08:57:19.000 UTC,2022-04-15 09:22:43.000 UTC
0x5b0431365ce1ab3693bea6f33ae67653dd30d8bd,28,2800,2022-04-08 04:31:51.000 UTC,2022-04-08 05:53:39.000 UTC
0xfce9d04133701a77589615c23def7ba98289c8e2,25,2500,2022-04-11 12:22:47.000 UTC,2022-04-11 15:04:49.000 UTC
0x429a66e7bd829f9453cee5239bfeaf5657a11a3e,20,2000,2022-04-07 02:15:53.000 UTC,2022-04-07 07:08:59.000 UTC
0xbc25d57412a04956cdd95af07825c5c1f34d29eb,20,2000,2022-04-04 03:08:38.000 UTC,2022-04-04 09:05:28.000 UTC
0xdf225c84a0eaeaaac20e6c1d369e94ee13b9df2a,15,1500,2022-04-05 02:45:07.000 UTC,2022-04-05 03:03:33.000 UTC
